id,version_id,book_id,book_name,book_no,pokemon_name,pokemon_region_name,region_id,region,skill_ids,base_stats
1,8,1,ポケモンずかん,1,サルノリ,サルノリ,1,,"1,2","50,65,50,40,40,65"
2,8,1,ポケモンずかん,2,バチンキー,バチンキー,1,,"1,2","70,85,70,55,60,80"
3,8,1,ポケモンずかん,3,ゴリランダー,ゴリランダー,1,,"1,2","100,125,90,60,70,85"
4,8,1,ポケモンずかん,4,ヒバニー,ヒバニー,1,,"1,2","50,71,40,40,40,69"
5,8,1,ポケモンずかん,5,ラビフット,ラビフット,1,,"1,2","65,86,60,55,60,94"
6,8,1,ポケモンずかん,6,エースバーン,エースバーン,1,,"1,2","80,116,75,65,75,119"
7,8,1,ポケモンずかん,7,メッソン,メッソン,1,,"1,2","50,40,40,70,40,70"
8,8,1,ポケモンずかん,8,ジメレオン,ジメレオン,1,,"1,2","65,60,55,95,55,90"
9,8,1,ポケモンずかん,9,インテレオン,インテレオン,1,,"1,2","70,85,65,125,65,120"
10,8,1,ポケモンずかん,10,サッチムシ,サッチムシ,1,,"1,2","25,20,20,25,45,45"
11,8,1,ポケモンずかん,11,レドームシ,レドームシ,1,,"1,2","50,35,80,50,90,30"
12,8,1,ポケモンずかん,12,イオルブ,イオルブ,1,,"1,2","60,45,110,80,120,90"
13,8,1,ポケモンずかん,13,キャタピー,キャタピー,1,,"1,2","45,30,35,20,20,45"
14,8,1,ポケモンずかん,14,トランセル,トランセル,1,,"1,2","50,20,55,25,25,30"
15,8,1,ポケモンずかん,15,バタフリー,バタフリー,1,,"1,2","60,45,50,90,80,70"
16,8,1,ポケモンずかん,16,アゴジムシ,アゴジムシ,1,,"1,2","47,62,45,55,45,46"
17,8,1,ポケモンずかん,17,デンヂムシ,デンヂムシ,1,,"1,2","57,82,95,55,75,36"
18,8,1,ポケモンずかん,18,クワガノン,クワガノン,1,,"1,2","77,70,90,145,75,43"
19,8,1,ポケモンずかん,19,ホーホー,ホーホー,1,,"1,2","60,30,30,36,56,50"
20,8,1,ポケモンずかん,20,ヨルノズク,ヨルノズク,1,,"1,2","100,50,50,86,96,70"
21,8,1,ポケモンずかん,21,ココガラ,ココガラ,1,,"1,2","38,47,35,33,35,57"
22,8,1,ポケモンずかん,22,アオガラス,アオガラス,1,,"1,2","68,67,55,43,55,77"
23,8,1,ポケモンずかん,23,アーマーガア,アーマーガア,1,,"1,2","98,87,105,53,85,67"
24,8,1,ポケモンずかん,24,ホシガリス,ホシガリス,1,,"1,2","70,55,55,35,35,25"
25,8,1,ポケモンずかん,25,ヨクバリス,ヨクバリス,1,,"1,2","120,95,95,55,75,20"
26,8,1,ポケモンずかん,26,マメパト,マメパト,1,,"1,2","50,55,50,36,30,43"
27,8,1,ポケモンずかん,27,ハトーボー,ハトーボー,1,,"1,2","62,77,62,50,42,65"
28,8,1,ポケモンずかん,28,ケンホロウ,ケンホロウ,1,,"1,2","80,115,80,65,55,93"
29,8,1,ポケモンずかん,29,クスネ,クスネ,1,,"1,2","40,28,28,47,52,50"
30,8,1,ポケモンずかん,30,フォクスライ,フォクスライ,1,,"1,2","70,58,58,87,92,90"
31,8,1,ポケモンずかん,31,ジグザグマ,ジグザグマ(ガラルのすがた),1,ガラルのすがた,"1,2","38,30,41,30,41,60"
32,8,1,ポケモンずかん,31,ジグザグマ,ジグザグマ,2,通常,"1,2","38,30,41,30,41,60"
33,8,1,ポケモンずかん,32,マッスグマ,マッスグマ(ガラルのすがた),1,ガラルのすがた,"1,2","78,70,61,50,61,100"
34,8,1,ポケモンずかん,32,マッスグマ,マッスグマ,2,通常,"1,2","78,70,61,50,61,100"
35,8,1,ポケモンずかん,33,タチフサグマ,タチフサグマ,1,,"1,2","93,90,101,60,81,95"
36,8,1,ポケモンずかん,34,ウールー,ウールー,1,,"1,2","42,40,55,40,45,48"
37,8,1,ポケモンずかん,35,バイウールー,バイウールー,1,,"1,2","72,80,100,60,90,88"
38,8,1,ポケモンずかん,36,ハスボー,ハスボー,1,,"1,2","40,30,30,40,50,30"
39,8,1,ポケモンずかん,37,ハスブレロ,ハスブレロ,1,,"1,2","60,50,50,60,70,50"
40,8,1,ポケモンずかん,38,ルンパッパ,ルンパッパ,1,,"1,2","80,70,70,90,100,70"
41,8,1,ポケモンずかん,39,タネボー,タネボー,1,,"1,2","40,40,50,30,30,30"
42,8,1,ポケモンずかん,40,コノハナ,コノハナ,1,,"1,2","70,70,40,60,40,60"
43,8,1,ポケモンずかん,41,ダーテング,ダーテング,1,,"1,2","90,100,60,90,60,80"
44,8,1,ポケモンずかん,42,カムカメ,カムカメ,1,,"1,2","50,64,50,38,38,44"
45,8,1,ポケモンずかん,43,カジリガメ,カジリガメ,1,,"1,2","90,115,90,48,68,74"
46,8,1,ポケモンずかん,44,チョロネコ,チョロネコ,1,,"1,2","41,50,37,50,37,66"
47,8,1,ポケモンずかん,45,レパルダス,レパルダス,1,,"1,2","64,88,50,88,50,106"
48,8,1,ポケモンずかん,46,ワンパチ,ワンパチ,1,,"1,2","59,45,50,40,50,26"
49,8,1,ポケモンずかん,47,パルスワン,パルスワン,1,,"1,2","69,90,60,90,60,121"
50,8,1,ポケモンずかん,48,ホルビー,ホルビー,1,,"1,2","38,36,38,32,36,57"
51,8,1,ポケモンずかん,49,ホルード,ホルード,1,,"1,2","85,56,77,50,77,78"
52,8,1,ポケモンずかん,50,チラーミィ,チラーミィ,1,,"1,2","55,50,40,40,40,75"
53,8,1,ポケモンずかん,51,チラチーノ,チラチーノ,1,,"1,2","75,95,60,65,60,115"
54,8,1,ポケモンずかん,52,アマカジ,アマカジ,1,,"1,2","42,30,38,30,38,32"
55,8,1,ポケモンずかん,53,アママイコ,アママイコ,1,,"1,2","52,40,48,40,48,62"
56,8,1,ポケモンずかん,54,アマージョ,アマージョ,1,,"1,2","72,120,98,50,98,72"
57,8,1,ポケモンずかん,55,ナゾノクサ,ナゾノクサ,1,,"1,2","45,50,55,75,65,30"
58,8,1,ポケモンずかん,56,クサイハナ,クサイハナ,1,,"1,2","60,65,70,85,75,40"
59,8,1,ポケモンずかん,57,ラフレシア,ラフレシア,1,,"1,2","75,80,85,110,90,50"
60,8,1,ポケモンずかん,58,キレイハナ,キレイハナ,1,,"1,2","75,80,95,90,100,50"
61,8,1,ポケモンずかん,59,スボミー,スボミー,1,,"1,2","40,30,35,50,70,55"
62,8,1,ポケモンずかん,60,ロゼリア,ロゼリア,1,,"1,2","50,60,45,100,80,65"
63,8,1,ポケモンずかん,61,ロズレイド,ロズレイド,1,,"1,2","60,70,65,125,105,90"
64,8,1,ポケモンずかん,62,キャモメ,キャモメ,1,,"1,2","40,30,30,55,30,85"
65,8,1,ポケモンずかん,63,ペリッパー,ペリッパー,1,,"1,2","60,50,100,95,70,65"
66,8,1,ポケモンずかん,64,パチュル,パチュル,1,,"1,2","50,47,50,57,50,65"
67,8,1,ポケモンずかん,65,デンチュラ,デンチュラ,1,,"1,2","70,77,60,97,60,108"
68,8,1,ポケモンずかん,66,ラクライ,ラクライ,1,,"1,2","40,45,40,65,40,65"
69,8,1,ポケモンずかん,67,ライボルト,ライボルト,1,,"1,2","70,75,60,105,60,105"
70,8,1,ポケモンずかん,68,ロコン,ロコン,1,通常,"1,2","38,41,40,50,65,65"
71,8,1,ポケモンずかん,68,ロコン,ロコン(アローラのすがた),2,アローラのすがた,"1,2","38,41,40,50,65,65"
72,8,1,ポケモンずかん,69,キュウコン,キュウコン,1,通常,"1,2","73,76,75,81,100,100"
73,8,1,ポケモンずかん,69,キュウコン,キュウコン(アローラのすがた),2,アローラのすがた,"1,2","73,67,75,81,100,109"
74,8,1,ポケモンずかん,70,ガーディ,ガーディ,1,,"1,2","55,70,45,70,50,60"
75,8,1,ポケモンずかん,71,ウィンディ,ウィンディ,1,,"1,2","90,110,80,100,80,95"
76,8,1,ポケモンずかん,72,バニプッチ,バニプッチ,1,,"1,2","36,50,50,65,60,44"
77,8,1,ポケモンずかん,73,バニリッチ,バニリッチ,1,,"1,2","51,65,65,80,75,59"
78,8,1,ポケモンずかん,74,バイバニラ,バイバニラ,1,,"1,2","71,95,85,110,95,79"
79,8,1,ポケモンずかん,75,ウリムー,ウリムー,1,,"1,2","50,50,40,30,30,50"
80,8,1,ポケモンずかん,76,イノムー,イノムー,1,,"1,2","100,100,80,60,60,50"
81,8,1,ポケモンずかん,77,マンムー,マンムー,1,,"1,2","110,130,80,70,60,80"
82,8,1,ポケモンずかん,78,デリバード,デリバード,1,,"1,2","45,55,45,65,45,75"
83,8,1,ポケモンずかん,79,ユキワラシ,ユキワラシ,1,,"1,2","50,50,50,50,50,50"
84,8,1,ポケモンずかん,80,オニゴーリ,オニゴーリ,1,,"1,2","80,80,80,80,80,80"
85,8,1,ポケモンずかん,81,ユキメノコ,ユキメノコ,1,,"1,2","70,80,70,80,70,110"
86,8,1,ポケモンずかん,82,ヤジロン,ヤジロン,1,,"1,2","40,40,55,40,70,55"
87,8,1,ポケモンずかん,83,ネンドール,ネンドール,1,,"1,2","60,70,105,70,120,75"
88,8,1,ポケモンずかん,84,ドロバンコ,ドロバンコ,1,,"1,2","70,100,70,45,55,45"
89,8,1,ポケモンずかん,85,バンバドロ,バンバドロ,1,,"1,2","100,125,100,55,85,35"
90,8,1,ポケモンずかん,86,イシズマイ,イシズマイ,1,,"1,2","50,65,85,35,35,55"
91,8,1,ポケモンずかん,87,イワパレス,イワパレス,1,,"1,2","70,105,125,65,75,45"
92,8,1,ポケモンずかん,88,ゴビット,ゴビット,1,,"1,2","59,74,50,35,50,35"
93,8,1,ポケモンずかん,89,ゴルーグ,ゴルーグ,1,,"1,2","89,124,80,55,80,55"
94,8,1,ポケモンずかん,90,ムンナ,ムンナ,1,,"1,2","76,25,45,67,55,24"
95,8,1,ポケモンずかん,91,ムシャーナ,ムシャーナ,1,,"1,2","116,55,85,107,95,29"
96,8,1,ポケモンずかん,92,ネイティ,ネイティ,1,,"1,2","40,50,45,70,45,70"
97,8,1,ポケモンずかん,93,ネイティオ,ネイティオ,1,,"1,2","65,75,70,95,70,95"
98,8,1,ポケモンずかん,94,ヌイコグマ,ヌイコグマ,1,,"1,2","70,75,50,45,50,50"
99,8,1,ポケモンずかん,95,キテルグマ,キテルグマ,1,,"1,2","120,125,80,55,60,60"
100,8,1,ポケモンずかん,96,ユキカブリ,ユキカブリ,1,,"1,2","60,62,50,62,60,40"
101,8,1,ポケモンずかん,97,ユキノオー,ユキノオー,1,,"1,2","90,92,75,92,85,60"
102,8,1,ポケモンずかん,98,クラブ,クラブ,1,,"1,2","30,105,90,25,25,50"
103,8,1,ポケモンずかん,99,キングラー,キングラー,1,,"1,2","55,130,115,50,50,75"
104,8,1,ポケモンずかん,100,ウパー,ウパー,1,,"1,2","55,45,45,25,25,15"
105,8,1,ポケモンずかん,101,ヌオー,ヌオー,1,,"1,2","95,85,85,65,65,35"
106,8,1,ポケモンずかん,102,ヘイガニ,ヘイガニ,1,,"1,2","43,80,65,50,35,35"
107,8,1,ポケモンずかん,103,シザリガー,シザリガー,1,,"1,2","63,120,85,90,55,55"
108,8,1,ポケモンずかん,104,ツチニン,ツチニン,1,,"1,2","31,45,90,30,30,40"
109,8,1,ポケモンずかん,105,テッカニン,テッカニン,1,,"1,2","61,90,45,50,50,160"
110,8,1,ポケモンずかん,106,ヌケニン,ヌケニン,1,,"1,2","1,90,45,30,30,40"
111,8,1,ポケモンずかん,107,バルキー,バルキー,1,,"1,2","35,35,35,35,35,35"
112,8,1,ポケモンずかん,108,サワムラー,サワムラー,1,,"1,2","50,120,53,35,110,87"
113,8,1,ポケモンずかん,109,エビワラー,エビワラー,1,,"1,2","50,105,79,35,110,76"
114,8,1,ポケモンずかん,110,カポエラー,カポエラー,1,,"1,2","50,95,95,35,110,70"
115,8,1,ポケモンずかん,111,ヤンチャム,ヤンチャム,1,,"1,2","67,82,62,46,48,43"
116,8,1,ポケモンずかん,112,ゴロンダ,ゴロンダ,1,,"1,2","95,124,78,69,71,58"
117,8,1,ポケモンずかん,113,ギアル,ギアル,1,,"1,2","40,55,70,45,60,30"
118,8,1,ポケモンずかん,114,ギギアル,ギギアル,1,,"1,2","60,80,95,70,85,50"
119,8,1,ポケモンずかん,115,ギギギアル,ギギギアル,1,,"1,2","60,100,115,70,85,90"
120,8,1,ポケモンずかん,116,ミツハニー,ミツハニー,1,,"1,2","30,30,42,30,42,70"
121,8,1,ポケモンずかん,117,ビークイン,ビークイン,1,,"1,2","70,80,102,80,102,40"
122,8,1,ポケモンずかん,118,ドーミラー,ドーミラー,1,,"1,2","57,24,86,24,86,23"
123,8,1,ポケモンずかん,119,ドータクン,ドータクン,1,,"1,2","67,89,116,79,116,33"
124,8,1,ポケモンずかん,120,ラルトス,ラルトス,1,,"1,2","28,25,25,45,35,40"
125,8,1,ポケモンずかん,121,キルリア,キルリア,1,,"1,2","38,35,35,65,55,50"
126,8,1,ポケモンずかん,122,サーナイト,サーナイト,1,,"1,2","68,65,65,125,115,80"
127,8,1,ポケモンずかん,123,エルレイド,エルレイド,1,,"1,2","68,125,65,65,115,80"
128,8,1,ポケモンずかん,124,フワンテ,フワンテ,1,,"1,2","90,50,34,60,44,70"
129,8,1,ポケモンずかん,125,フワライド,フワライド,1,,"1,2","150,80,44,90,54,80"
130,8,1,ポケモンずかん,126,ヒメンカ,ヒメンカ,1,,"1,2","40,40,60,40,60,10"
131,8,1,ポケモンずかん,127,ワタシラガ,ワタシラガ,1,,"1,2","60,50,90,80,120,60"
132,8,1,ポケモンずかん,128,チェリンボ,チェリンボ,1,,"1,2","45,35,45,62,53,35"
133,8,1,ポケモンずかん,129,チェリム,チェリム(ネガフォルム),1,ネガフォルム,"1,2","70,60,70,87,78,85"
134,8,1,ポケモンずかん,129,チェリム,チェリム(ポジフォルム),2,ポジフォルム,"1,2","70,60,70,87,78,85"
135,8,1,ポケモンずかん,130,スカンプー,スカンプー,1,,"1,2","63,63,47,41,41,74"
136,8,1,ポケモンずかん,131,スカタンク,スカタンク,1,,"1,2","103,93,67,71,61,84"
137,8,1,ポケモンずかん,132,オタマロ,オタマロ,1,,"1,2","50,50,40,50,40,64"
138,8,1,ポケモンずかん,133,ガマガル,ガマガル,1,,"1,2","75,65,55,65,55,69"
139,8,1,ポケモンずかん,134,ガマゲロゲ,ガマゲロゲ,1,,"1,2","105,95,75,85,75,74"
140,8,1,ポケモンずかん,135,ヨマワル,ヨマワル,1,,"1,2","20,40,90,30,90,25"
141,8,1,ポケモンずかん,136,サマヨール,サマヨール,1,,"1,2","40,70,130,60,130,25"
142,8,1,ポケモンずかん,137,ヨノワール,ヨノワール,1,,"1,2","45,100,135,65,135,45"
143,8,1,ポケモンずかん,138,ワンリキー,ワンリキー,1,,"1,2","70,80,50,35,35,35"
144,8,1,ポケモンずかん,139,ゴーリキー,ゴーリキー,1,,"1,2","80,100,70,50,60,45"
145,8,1,ポケモンずかん,140,カイリキー,カイリキー,1,,"1,2","90,130,80,65,85,55"
146,8,1,ポケモンずかん,141,ゴース,ゴース,1,,"1,2","30,35,30,100,35,80"
147,8,1,ポケモンずかん,142,ゴースト,ゴースト,1,,"1,2","45,50,45,115,55,95"
148,8,1,ポケモンずかん,143,ゲンガー,ゲンガー,1,,"1,2","60,65,60,130,75,110"
149,8,1,ポケモンずかん,144,コイキング,コイキング,1,,"1,2","20,10,55,15,20,80"
150,8,1,ポケモンずかん,145,ギャラドス,ギャラドス,1,,"1,2","95,125,79,60,100,81"
151,8,1,ポケモンずかん,146,トサキント,トサキント,1,,"1,2","45,67,60,35,50,63"
152,8,1,ポケモンずかん,147,アズマオウ,アズマオウ,1,,"1,2","80,92,65,65,80,68"
153,8,1,ポケモンずかん,148,テッポウオ,テッポウオ,1,,"1,2","35,65,35,65,35,65"
154,8,1,ポケモンずかん,149,オクタン,オクタン,1,,"1,2","75,105,75,105,75,45"
155,8,1,ポケモンずかん,150,シェルダー,シェルダー,1,,"1,2","30,65,100,45,25,40"
156,8,1,ポケモンずかん,151,パルシェン,パルシェン,1,,"1,2","50,95,180,85,45,70"
157,8,1,ポケモンずかん,152,ヒンバス,ヒンバス,1,,"1,2","20,15,20,10,55,80"
158,8,1,ポケモンずかん,153,ミロカロス,ミロカロス,1,,"1,2","95,60,79,100,125,81"
159,8,1,ポケモンずかん,154,バスラオ,バスラオ(あかすじのすがた),1,あかすじのすがた,"1,2","70,92,65,80,55,98"
160,8,1,ポケモンずかん,154,バスラオ,バスラオ(あおすじのすがた),2,あおすじのすがた,"1,2","70,92,65,80,55,98"
161,8,1,ポケモンずかん,155,ヨワシ,ヨワシ(たんどくのすがた),1,たんどくのすがた,"1,2","45,20,20,25,25,40"
162,8,1,ポケモンずかん,155,ヨワシ,ヨワシ(むれたすがた),2,むれたすがた,"1,2","45,140,130,140,135,30"
163,8,1,ポケモンずかん,156,ナマコブシ,ナマコブシ,1,,"1,2","55,60,130,30,130,5"
164,8,1,ポケモンずかん,157,ヤブクロン,ヤブクロン,1,,"1,2","50,50,62,40,62,65"
165,8,1,ポケモンずかん,158,ダストダス,ダストダス,1,,"1,2","80,95,82,60,82,75"
166,8,1,ポケモンずかん,159,ヤクデ,ヤクデ,1,,"1,2","50,65,45,50,50,45"
167,8,1,ポケモンずかん,160,マルヤクデ,マルヤクデ,1,,"1,2","100,115,65,90,90,65"
168,8,1,ポケモンずかん,161,タンドン,タンドン,1,,"1,2","30,40,50,40,50,30"
169,8,1,ポケモンずかん,162,トロッゴン,トロッゴン,1,,"1,2","80,60,90,60,70,50"
170,8,1,ポケモンずかん,163,セキタンザン,セキタンザン,1,,"1,2","110,80,120,80,90,30"
171,8,1,ポケモンずかん,164,ディグダ,ディグダ,1,通常,"1,2","10,55,25,35,45,95"
172,8,1,ポケモンずかん,164,ディグダ,ディグダ(アローラのすがた),2,アローラのすがた,"1,2","10,55,30,35,45,90"
173,8,1,ポケモンずかん,165,ダグトリオ,ダグトリオ,1,通常,"1,2","35,100,50,50,70,120"
174,8,1,ポケモンずかん,165,ダグトリオ,ダグトリオ(アローラのすがた),2,アローラのすがた,"1,2","35,100,60,50,70,110"
175,8,1,ポケモンずかん,166,モグリュー,モグリュー,1,,"1,2","60,85,40,30,45,68"
176,8,1,ポケモンずかん,167,ドリュウズ,ドリュウズ,1,,"1,2","110,135,60,50,65,88"
177,8,1,ポケモンずかん,168,ダンゴロ,ダンゴロ,1,,"1,2","55,75,85,25,25,15"
178,8,1,ポケモンずかん,169,ガントル,ガントル,1,,"1,2","70,105,105,50,40,20"
179,8,1,ポケモンずかん,170,ギガイアス,ギガイアス,1,,"1,2","85,135,130,60,80,25"
180,8,1,ポケモンずかん,171,ドッコラー,ドッコラー,1,,"1,2","75,80,55,25,35,35"
181,8,1,ポケモンずかん,172,ドテッコツ,ドテッコツ,1,,"1,2","85,105,85,40,50,40"
182,8,1,ポケモンずかん,173,ローブシン,ローブシン,1,,"1,2","105,140,95,55,65,45"
183,8,1,ポケモンずかん,174,コロモリ,コロモリ,1,,"1,2","65,45,43,55,43,72"
184,8,1,ポケモンずかん,175,ココロモリ,ココロモリ,1,,"1,2","67,57,55,77,55,114"
185,8,1,ポケモンずかん,176,オンバット,オンバット,1,,"1,2","40,30,35,45,40,55"
186,8,1,ポケモンずかん,177,オンバーン,オンバーン,1,,"1,2","85,70,80,97,80,123"
187,8,1,ポケモンずかん,178,イワーク,イワーク,1,,"1,2","35,45,160,30,45,70"
188,8,1,ポケモンずかん,179,ハガネール,ハガネール,1,,"1,2","75,85,200,55,65,30"
189,8,1,ポケモンずかん,180,サシカマス,サシカマス,1,,"1,2","41,63,40,40,30,66"
190,8,1,ポケモンずかん,181,カマスジョー,カマスジョー,1,,"1,2","61,123,60,60,50,136"
191,8,1,ポケモンずかん,182,ニャース,ニャース(ガラルのすがた),1,ガラルのすがた,"1,2","50,65,55,40,40,40"
192,8,1,ポケモンずかん,182,ニャース,ニャース,2,通常,"1,2","40,45,35,40,40,90"
193,8,1,ポケモンずかん,182,ニャース,ニャース(アローラのすがた),3,アローラのすがた,"1,2","40,35,35,50,40,90"
194,8,1,ポケモンずかん,183,ニャイキング,ニャイキング,1,,"1,2","70,110,100,50,60,50"
195,8,1,ポケモンずかん,184,ペルシアン,ペルシアン,1,通常,"1,2","65,70,60,65,65,115"
196,8,1,ポケモンずかん,184,ペルシアン,ペルシアン(アローラのすがた),2,アローラのすがた,"1,2","65,60,60,75,65,115"
197,8,1,ポケモンずかん,185,マホミル,マホミル,1,,"1,2","45,40,40,50,61,34"
198,8,1,ポケモンずかん,186,マホイップ,マホイップ,1,,"1,2","65,60,75,110,121,64"
199,8,1,ポケモンずかん,187,アブリー,アブリー,1,,"1,2","40,45,40,55,40,84"
200,8,1,ポケモンずかん,188,アブリボン,アブリボン,1,,"1,2","60,55,60,95,70,124"
201,8,1,ポケモンずかん,189,テッシード,テッシード,1,,"1,2","44,50,91,24,86,10"
202,8,1,ポケモンずかん,190,ナットレイ,ナットレイ,1,,"1,2","74,94,131,54,116,20"
203,8,1,ポケモンずかん,191,バケッチャ,バケッチャ(ちいさいサイズ),1,ちいさいサイズ,"1,2","44,66,70,44,55,56"
204,8,1,ポケモンずかん,191,バケッチャ,バケッチャ(ふつうのサイズ),2,ふつうのサイズ,"1,2","49,66,70,44,55,51"
205,8,1,ポケモンずかん,191,バケッチャ,バケッチャ(おおきいサイズ),3,おおきいサイズ,"1,2","54,66,70,44,55,46"
206,8,1,ポケモンずかん,191,バケッチャ,バケッチャ(とくだいサイズ),4,とくだいサイズ,"1,2","59,66,70,44,55,41"
207,8,1,ポケモンずかん,192,パンプジン,パンプジン(ちいさいサイズ),1,ちいさいサイズ,"1,2","55,85,122,58,75,99"
208,8,1,ポケモンずかん,192,パンプジン,パンプジン(ふつうのサイズ),2,ふつうのサイズ,"1,2","65,90,122,58,75,84"
209,8,1,ポケモンずかん,192,パンプジン,パンプジン(おおきいサイズ),3,おおきいサイズ,"1,2","75,95,122,58,75,69"
210,8,1,ポケモンずかん,192,パンプジン,パンプジン(とくだいサイズ),4,とくだいサイズ,"1,2","85,100,122,58,75,54"
211,8,1,ポケモンずかん,193,ピチュー,ピチュー,1,,"1,2","20,40,15,35,35,60"
212,8,1,ポケモンずかん,194,ピカチュウ,ピカチュウ,1,,"1,2","35,55,40,50,50,90"
213,8,1,ポケモンずかん,195,ライチュウ,ライチュウ,1,通常,"1,2","60,90,55,90,80,110"
214,8,1,ポケモンずかん,195,ライチュウ,ライチュウ(アローラのすがた),2,アローラのすがた,"1,2","60,85,50,95,85,110"
215,8,1,ポケモンずかん,196,イーブイ,イーブイ,1,,"1,2","55,55,50,45,65,55"
216,8,1,ポケモンずかん,197,シャワーズ,シャワーズ,1,,"1,2","130,65,60,110,95,65"
217,8,1,ポケモンずかん,198,サンダース,サンダース,1,,"1,2","65,65,60,110,95,130"
218,8,1,ポケモンずかん,199,ブースター,ブースター,1,,"1,2","65,130,60,95,110,65"
219,8,1,ポケモンずかん,200,エーフィ,エーフィ,1,,"1,2","65,65,60,130,95,110"
220,8,1,ポケモンずかん,201,ブラッキー,ブラッキー,1,,"1,2","95,65,110,60,130,65"
221,8,1,ポケモンずかん,202,リーフィア,リーフィア,1,,"1,2","65,110,130,60,65,95"
222,8,1,ポケモンずかん,203,グレイシア,グレイシア,1,,"1,2","65,60,110,130,95,65"
223,8,1,ポケモンずかん,204,ニンフィア,ニンフィア,1,,"1,2","95,65,65,110,130,60"
224,8,1,ポケモンずかん,205,カジッチュ,カジッチュ,1,,"1,2","40,40,80,40,40,20"
225,8,1,ポケモンずかん,206,アップリュー,アップリュー,1,,"1,2","70,110,80,95,60,70"
226,8,1,ポケモンずかん,207,タルップル,タルップル,1,,"1,2","110,85,80,100,80,30"
227,8,1,ポケモンずかん,208,ニャスパー,ニャスパー,1,,"1,2","62,48,54,63,60,68"
228,8,1,ポケモンずかん,209,ニャオニクス,ニャオニクス(オスのすがた),1,オスのすがた,"1,2","74,48,76,83,81,104"
229,8,1,ポケモンずかん,209,ニャオニクス,ニャオニクス(メスのすがた),2,メスのすがた,"1,2","74,48,76,83,81,104"
230,8,1,ポケモンずかん,210,ペロッパフ,ペロッパフ,1,,"1,2","62,48,66,59,57,49"
231,8,1,ポケモンずかん,211,ペロリーム,ペロリーム,1,,"1,2","82,80,86,85,75,72"
232,8,1,ポケモンずかん,212,シュシュプ,シュシュプ,1,,"1,2","78,52,60,63,65,23"
233,8,1,ポケモンずかん,213,フレフワン,フレフワン,1,,"1,2","101,72,72,99,89,29"
234,8,1,ポケモンずかん,214,シズクモ,シズクモ,1,,"1,2","38,40,52,40,72,27"
235,8,1,ポケモンずかん,215,オニシズクモ,オニシズクモ,1,,"1,2","68,70,92,50,132,42"
236,8,1,ポケモンずかん,216,ソーナノ,ソーナノ,1,,"1,2","95,23,48,23,48,23"
237,8,1,ポケモンずかん,217,ソーナンス,ソーナンス,1,,"1,2","190,33,58,33,58,33"
238,8,1,ポケモンずかん,218,カモネギ,カモネギ(ガラルのすがた),1,ガラルのすがた,"1,2","52,95,55,58,62,55"
239,8,1,ポケモンずかん,218,カモネギ,カモネギ,2,通常,"1,2","52,90,55,58,62,60"
240,8,1,ポケモンずかん,219,ネギガナイト,ネギガナイト,1,,"1,2","62,135,95,68,82,65"
241,8,1,ポケモンずかん,220,チョンチー,チョンチー,1,,"1,2","75,38,38,56,56,67"
242,8,1,ポケモンずかん,221,ランターン,ランターン,1,,"1,2","125,58,58,76,76,67"
243,8,1,ポケモンずかん,222,グレッグル,グレッグル,1,,"1,2","48,61,40,61,40,50"
244,8,1,ポケモンずかん,223,ドクロッグ,ドクロッグ,1,,"1,2","83,106,65,86,65,85"
245,8,1,ポケモンずかん,224,ズルッグ,ズルッグ,1,,"1,2","50,75,70,35,70,48"
246,8,1,ポケモンずかん,225,ズルズキン,ズルズキン,1,,"1,2","65,90,115,45,115,58"
247,8,1,ポケモンずかん,226,マッギョ,マッギョ(ガラルのすがた),1,ガラルのすがた,"1,2","109,81,99,66,84,32"
248,8,1,ポケモンずかん,226,マッギョ,マッギョ,2,通常,"1,2","109,66,84,81,99,32"
249,8,1,ポケモンずかん,227,ツボツボ,ツボツボ,1,,"1,2","20,10,230,10,230,5"
250,8,1,ポケモンずかん,228,ドジョッチ,ドジョッチ,1,,"1,2","50,48,43,46,41,60"
251,8,1,ポケモンずかん,229,ナマズン,ナマズン,1,,"1,2","110,78,73,76,71,60"
252,8,1,ポケモンずかん,230,カラナクシ,カラナクシ(にしのうみ),1,にしのうみ,"1,2","76,48,48,57,62,34"
253,8,1,ポケモンずかん,230,カラナクシ,カラナクシ(ひがしのうみ),2,ひがしのうみ,"1,2","76,48,48,57,62,34"
254,8,1,ポケモンずかん,231,トリトドン,トリトドン,1,,"1,2","111,83,68,92,82,39"
255,8,1,ポケモンずかん,231,トリトドン,トリトドン,1,,"1,2","111,83,68,92,82,39"
256,8,1,ポケモンずかん,232,コソクムシ,コソクムシ,1,,"1,2","25,35,40,20,30,80"
257,8,1,ポケモンずかん,233,グソクムシャ,グソクムシャ,1,,"1,2","75,125,140,60,990,40"
258,8,1,ポケモンずかん,234,カメテテ,カメテテ,1,,"1,2","42,52,67,39,56,50"
259,8,1,ポケモンずかん,235,ガメノデス,ガメノデス,1,,"1,2","72,105,115,54,86,68"
260,8,1,ポケモンずかん,236,サニーゴ,サニーゴ(ガラルのすがた),1,ガラルのすがた,"1,2","60,55,100,65,100,30"
261,8,1,ポケモンずかん,236,サニーゴ,サニーゴ,2,通常,"1,2","65,55,95,65,95,35"
262,8,1,ポケモンずかん,237,サニゴーン,サニゴーン,1,,"1,2","60,95,50,145,130,30"
263,8,1,ポケモンずかん,238,ベロバー,ベロバー,1,,"1,2","45,45,30,55,40,50"
264,8,1,ポケモンずかん,239,ギモー,ギモー,1,,"1,2","65,60,45,75,55,70"
265,8,1,ポケモンずかん,240,オーロンゲ,オーロンゲ,1,,"1,2","95,120,65,95,75,60"
266,8,1,ポケモンずかん,241,ミブリム,ミブリム,1,,"1,2","42,30,45,56,53,39"
267,8,1,ポケモンずかん,242,テブリム,テブリム,1,,"1,2","57,40,65,86,73,49"
268,8,1,ポケモンずかん,243,ブリムオン,ブリムオン,1,,"1,2","57,90,95,136,103,29"
269,8,1,ポケモンずかん,244,ヤトウモリ,ヤトウモリ,1,,"1,2","48,44,40,71,40,77"
270,8,1,ポケモンずかん,245,エンニュート,エンニュート,1,,"1,2","68,64,60,111,60,117"
271,8,1,ポケモンずかん,246,コマタナ,コマタナ,1,,"1,2","45,85,70,40,40,60"
272,8,1,ポケモンずかん,247,キリキザン,キリキザン,1,,"1,2","65,125,100,60,70,70"
273,8,1,ポケモンずかん,248,ナゲキ,ナゲキ,1,,"1,2","120,100,85,30,85,45"
274,8,1,ポケモンずかん,249,ダゲキ,ダゲキ,1,,"1,2","75,125,75,30,75,85"
275,8,1,ポケモンずかん,250,ドガース,ドガース,1,,"1,2","40,65,95,60,45,35"
276,8,1,ポケモンずかん,251,マタドガス,マタドガス(ガラルのすがた),1,ガラルのすがた,"1,2","65,90,120,85,70,60"
277,8,1,ポケモンずかん,251,マタドガス,マタドガス,2,通常,"1,2","65,90,120,85,70,60"
278,8,1,ポケモンずかん,252,ウソハチ,ウソハチ,1,,"1,2","50,80,95,10,45,10"
279,8,1,ポケモンずかん,253,ウソッキー,ウソッキー,1,,"1,2","70,100,115,30,65,30"
280,8,1,ポケモンずかん,254,ピィ,ピィ,1,,"1,2","50,25,28,45,55,15"
281,8,1,ポケモンずかん,255,ピッピ,ピッピ,1,,"1,2","70,45,48,60,65,35"
282,8,1,ポケモンずかん,256,ピクシー,ピクシー,1,,"1,2","95,70,73,95,90,60"
283,8,1,ポケモンずかん,257,トゲピー,トゲピー,1,,"1,2","35,20,65,40,65,20"
284,8,1,ポケモンずかん,258,トゲチック,トゲチック,1,,"1,2","55,40,85,80,105,40"
285,8,1,ポケモンずかん,259,トゲキッス,トゲキッス,1,,"1,2","85,50,95,120,115,80"
286,8,1,ポケモンずかん,260,ゴンベ,ゴンベ,1,,"1,2","135,85,40,40,85,5"
287,8,1,ポケモンずかん,261,カビゴン,カビゴン,1,,"1,2","160,110,65,65,110,30"
288,8,1,ポケモンずかん,262,モンメン,モンメン,1,,"1,2","40,27,60,37,50,66"
289,8,1,ポケモンずかん,263,エルフーン,エルフーン,1,,"1,2","60,67,85,77,75,116"
290,8,1,ポケモンずかん,264,サイホーン,サイホーン,1,,"1,2","80,85,95,30,30,25"
291,8,1,ポケモンずかん,265,サイドン,サイドン,1,,"1,2","105,130,120,45,45,40"
292,8,1,ポケモンずかん,266,ドサイドン,ドサイドン,1,,"1,2","115,140,130,55,55,40"
293,8,1,ポケモンずかん,267,ゴチム,ゴチム,1,,"1,2","45,30,50,55,65,45"
294,8,1,ポケモンずかん,268,ゴチミル,ゴチミル,1,,"1,2","60,45,70,75,85,55"
295,8,1,ポケモンずかん,269,ゴチルゼル,ゴチルゼル,1,,"1,2","70,55,95,95,110,65"
296,8,1,ポケモンずかん,270,ユニラン,ユニラン,1,,"1,2","45,30,40,105,50,20"
297,8,1,ポケモンずかん,271,ダブラン,ダブラン,1,,"1,2","65,40,50,125,60,30"
298,8,1,ポケモンずかん,272,ランクルス,ランクルス,1,,"1,2","110,65,75,125,85,30"
299,8,1,ポケモンずかん,273,カブルモ,カブルモ,1,,"1,2","50,75,45,40,45,60"
300,8,1,ポケモンずかん,274,シュバルゴ,シュバルゴ,1,,"1,2","70,135,105,60,105,20"
301,8,1,ポケモンずかん,275,チョボマキ,チョボマキ,1,,"1,2","50,40,85,40,65,25"
302,8,1,ポケモンずかん,276,アギルダー,アギルダー,1,,"1,2","80,70,40,100,60,145"
303,8,1,ポケモンずかん,277,リグレー,リグレー,1,,"1,2","55,55,55,85,55,30"
304,8,1,ポケモンずかん,278,オーベム,オーベム,1,,"1,2","75,75,75,125,95,40"
305,8,1,ポケモンずかん,279,クマシュン,クマシュン,1,,"1,2","55,70,40,60,40,40"
306,8,1,ポケモンずかん,280,ツンベアー,ツンベアー,1,,"1,2","95,130,80,70,80,50"
307,8,1,ポケモンずかん,281,ワシボン,ワシボン,1,,"1,2","70,83,50,37,50,60"
308,8,1,ポケモンずかん,282,ウォーグル,ウォーグル,1,,"1,2","100,123,75,57,75,80"
309,8,1,ポケモンずかん,283,バルチャイ,バルチャイ,1,,"1,2","70,55,75,45,65,60"
310,8,1,ポケモンずかん,284,バルジーナ,バルジーナ,1,,"1,2","110,65,105,55,95,80"
311,8,1,ポケモンずかん,285,スコルピ,スコルピ,1,,"1,2","40,50,90,30,55,65"
312,8,1,ポケモンずかん,286,ドラピオン,ドラピオン,1,,"1,2","70,90,110,60,75,95"
313,8,1,ポケモンずかん,287,ヒトモシ,ヒトモシ,1,,"1,2","50,30,55,65,55,20"
314,8,1,ポケモンずかん,288,ランプラー,ランプラー,1,,"1,2","60,40,60,95,60,55"
315,8,1,ポケモンずかん,289,シャンデラ,シャンデラ,1,,"1,2","60,55,90,145,90,80"
316,8,1,ポケモンずかん,290,マーイーカ,マーイーカ,1,,"1,2","53,54,53,37,46,45"
317,8,1,ポケモンずかん,291,カラマネロ,カラマネロ,1,,"1,2","86,92,88,68,75,73"
318,8,1,ポケモンずかん,292,ニューラ,ニューラ,1,,"1,2","55,95,55,35,75,115"
319,8,1,ポケモンずかん,293,マニューラ,マニューラ,1,,"1,2","70,120,65,45,85,125"
320,8,1,ポケモンずかん,294,ヤミラミ,ヤミラミ,1,,"1,2","50,75,75,65,65,50"
321,8,1,ポケモンずかん,295,クチート,クチート,1,,"1,2","50,85,85,55,55,50"
322,8,1,ポケモンずかん,296,マラカッチ,マラカッチ,1,,"1,2","75,86,67,106,67,60"
323,8,1,ポケモンずかん,297,シンボラー,シンボラー,1,,"1,2","72,58,80,103,80,97"
324,8,1,ポケモンずかん,298,リオル,リオル,1,,"1,2","40,70,40,35,40,60"
325,8,1,ポケモンずかん,299,ルカリオ,ルカリオ,1,,"1,2","70,110,70,115,70,90"
326,8,1,ポケモンずかん,300,コータス,コータス,1,,"1,2","70,85,140,85,70,20"
327,8,1,ポケモンずかん,301,ミミッキュ,ミミッキュ(ばけたすがた),1,ばけたすがた,"1,2","55,90,80,50,105,96"
328,8,1,ポケモンずかん,301,ミミッキュ,ミミッキュ(ばれたすがた),2,ばれたすがた,"1,2","55,90,80,50,105,96"
329,8,1,ポケモンずかん,302,ゾウドウ,ゾウドウ,1,,"1,2","72,80,49,40,49,40"
330,8,1,ポケモンずかん,303,ダイオウドウ,ダイオウドウ,1,,"1,2","122,130,69,80,69,30"
331,8,1,ポケモンずかん,304,ハリーセン,ハリーセン,1,,"1,2","65,95,85,55,55,85"
332,8,1,ポケモンずかん,305,プルリル,プルリル,1,,"1,2","55,40,50,65,85,40"
333,8,1,ポケモンずかん,306,ブルンゲル,ブルンゲル,1,,"1,2","100,60,70,85,105,60"
334,8,1,ポケモンずかん,307,ヒドイデ,ヒドイデ,1,,"1,2","50,53,62,43,52,45"
335,8,1,ポケモンずかん,308,ドヒドイデ,ドヒドイデ,1,,"1,2","50,63,152,53,142,35"
336,8,1,ポケモンずかん,309,ウッウ,ウッウ,1,,"1,2","70,85,55,85,95,85"
337,8,1,ポケモンずかん,310,エレズン,エレズン,1,,"1,2","40,38,35,54,35,40"
338,8,1,ポケモンずかん,311,ストリンダー,ストリンダー(ハイなすがた),1,ハイなすがた,"1,2","75,98,70,114,70,75"
339,8,1,ポケモンずかん,311,ストリンダー,ストリンダー(ローなすがた),2,ローなすがた,"1,2","75,98,70,114,70,75"
340,8,1,ポケモンずかん,312,スナヘビ,スナヘビ,1,,"1,2","52,57,75,35,50,46"
341,8,1,ポケモンずかん,313,サダイジャ,サダイジャ,1,,"1,2","72,107,125,65,70,71"
342,8,1,ポケモンずかん,314,ヒポポタス,ヒポポタス,1,,"1,2","68,72,78,38,42,32"
343,8,1,ポケモンずかん,315,カバルドン,カバルドン,1,,"1,2","108,112,118,68,72,47"
344,8,1,ポケモンずかん,316,アイアント,アイアント,1,,"1,2","58,109,112,48,48,109"
345,8,1,ポケモンずかん,317,クイタラン,クイタラン,1,,"1,2","85,97,66,105,66,65"
346,8,1,ポケモンずかん,318,エリキテル,エリキテル,1,,"1,2","44,38,33,61,43,70"
347,8,1,ポケモンずかん,319,エレザード,エレザード,1,,"1,2","62,55,52,109,94,109"
348,8,1,ポケモンずかん,320,ルチャブル,ルチャブル,1,,"1,2","78,92,75,74,63,118"
349,8,1,ポケモンずかん,321,ナックラー,ナックラー,1,,"1,2","45,100,45,45,45,10"
350,8,1,ポケモンずかん,322,ビブラーバ,ビブラーバ,1,,"1,2","50,70,50,50,50,70"
351,8,1,ポケモンずかん,323,フライゴン,フライゴン,1,,"1,2","80,100,80,80,80,100"
352,8,1,ポケモンずかん,324,キバゴ,キバゴ,1,,"1,2","46,87,60,30,40,57"
353,8,1,ポケモンずかん,325,オノンド,オノンド,1,,"1,2","66,117,70,40,50,67"
354,8,1,ポケモンずかん,326,オノノクス,オノノクス,1,,"1,2","76,147,90,60,70,97"
355,8,1,ポケモンずかん,327,デスマス,デスマス(ガラルのすがた),1,ガラルのすがた,"1,2","38,55,85,30,65,30"
356,8,1,ポケモンずかん,327,デスマス,デスマス,2,通常,"1,2","38,30,85,55,65,30"
357,8,1,ポケモンずかん,328,デスバーン,デスバーン,1,,"1,2","58,95,145,50,105,30"
358,8,1,ポケモンずかん,329,デスカーン,デスカーン,1,,"1,2","58,50,145,95,105,30"
359,8,1,ポケモンずかん,330,ヒトツキ,ヒトツキ,1,,"1,2","45,80,100,35,37,28"
360,8,1,ポケモンずかん,331,ニダンギル,ニダンギル,1,,"1,2","59,110,150,45,49,35"
361,8,1,ポケモンずかん,332,ギルガルド,ギルガルド(シールドフォルム),1,シールドフォルム,"1,2","60,50,140,50,140,60"
362,8,1,ポケモンずかん,332,ギルガルド,ギルガルド(ブレードフォルム),2,ブレードフォルム,"1,2","60,140,50,140,50,60"
363,8,1,ポケモンずかん,333,ポニータ,ポニータ(ガラルのすがた),1,ガラルのすがた,"1,2","50,85,55,65,65,90"
364,8,1,ポケモンずかん,333,ポニータ,ポニータ,2,通常,"1,2","50,85,55,65,65,90"
365,8,1,ポケモンずかん,334,ギャロップ,ギャロップ(ガラルのすがた),1,ガラルのすがた,"1,2","65,100,70,80,80,105"
366,8,1,ポケモンずかん,334,ギャロップ,ギャロップ,2,通常,"1,2","65,100,70,80,80,105"
367,8,1,ポケモンずかん,335,ヤバチャ,ヤバチャ,1,,"1,2","40,45,45,74,54,50"
368,8,1,ポケモンずかん,336,ポットデス,ポットデス,1,,"1,2","60,65,65,134,114,70"
369,8,1,ポケモンずかん,337,イエッサン,イエッサン(オスのすがた),1,オスのすがた,"1,2","60,65,55,105,95,95"
370,8,1,ポケモンずかん,337,イエッサン,イエッサン(メスのすがた),2,メスのすがた,"1,2","70,55,65,95,105,85"
371,8,1,ポケモンずかん,338,ボクレー,ボクレー,1,,"1,2","43,70,48,50,60,38"
372,8,1,ポケモンずかん,339,オーロット,オーロット,1,,"1,2","85,110,76,65,82,56"
373,8,1,ポケモンずかん,340,ネマシュ,ネマシュ,1,,"1,2","40,35,55,65,75,15"
374,8,1,ポケモンずかん,341,マシェード,マシェード,1,,"1,2","60,45,80,90,100,30"
375,8,1,ポケモンずかん,342,ヤレユータン,ヤレユータン,1,,"1,2","90,60,80,90,110,60"
376,8,1,ポケモンずかん,343,ナゲツケサル,ナゲツケサル,1,,"1,2","100,120,90,40,60,80"
377,8,1,ポケモンずかん,344,モルペコ,モルペコ(まんぷくもよう),1,まんぷくもよう,"1,2","58,95,58,70,58,97"
378,8,1,ポケモンずかん,344,モルペコ,モルペコ(はらぺこもよう),2,はらぺこもよう,"1,2","58,95,58,70,58,97"
379,8,1,ポケモンずかん,345,タイレーツ,タイレーツ,1,,"1,2","65,100,100,70,60,75"
380,8,1,ポケモンずかん,346,ジジーロン,ジジーロン,1,,"1,2","78,60,85,135,91,36"
381,8,1,ポケモンずかん,347,バクガメス,バクガメス,1,,"1,2","60,78,135,91,85,36"
382,8,1,ポケモンずかん,348,トゲデマル,トゲデマル,1,,"1,2","65,98,63,40,73,96"
383,8,1,ポケモンずかん,349,ユキハミ,ユキハミ,1,,"1,2","30,25,35,45,30,20"
384,8,1,ポケモンずかん,350,モスノウ,モスノウ,1,,"1,2","70,65,60,125,90,65"
385,8,1,ポケモンずかん,351,タタッコ,タタッコ,1,,"1,2","50,68,60,50,50,32"
386,8,1,ポケモンずかん,352,オトスパス,オトスパス,1,,"1,2","80,118,90,70,80,42"
387,8,1,ポケモンずかん,353,バチンウニ,バチンウニ,1,,"1,2","48,101,95,91,85,15"
388,8,1,ポケモンずかん,354,タマンタ,タマンタ,1,,"1,2","45,20,50,60,120,50"
389,8,1,ポケモンずかん,355,マンタイン,マンタイン,1,,"1,2","85,40,70,80,140,70"
390,8,1,ポケモンずかん,356,ホエルコ,ホエルコ,1,,"1,2","130,70,35,70,35,60"
391,8,1,ポケモンずかん,357,ホエルオー,ホエルオー,1,,"1,2","170,90,45,90,45,60"
392,8,1,ポケモンずかん,358,カチコール,カチコール,1,,"1,2","55,69,85,32,35,28"
393,8,1,ポケモンずかん,359,クレベース,クレベース,1,,"1,2","95,117,184,44,46,28"
394,8,1,ポケモンずかん,360,ダダリン,ダダリン,1,,"1,2","70,131,100,86,90,40"
395,8,1,ポケモンずかん,361,ラプラス,ラプラス,1,,"1,2","130,85,80,85,95,60"
396,8,1,ポケモンずかん,362,ルナトーン,ルナトーン,1,,"1,2","90,55,65,95,85,70"
397,8,1,ポケモンずかん,363,ソルロック,ソルロック,1,,"1,2","90,95,85,55,65,70"
398,8,1,ポケモンずかん,364,マネネ,マネネ,1,,"1,2","20,25,45,70,90,60"
399,8,1,ポケモンずかん,365,バリヤード,バリヤード(ガラルのすがた),1,ガラルのすがた,"1,2","50,65,65,90,90,100"
400,8,1,ポケモンずかん,365,バリヤード,バリヤード,2,通常,"1,2","40,45,65,100,120,90"
401,8,1,ポケモンずかん,366,バリコオル,バリコオル,1,,"1,2","80,85,75,110,100,70"
402,8,1,ポケモンずかん,367,ダルマッカ,ダルマッカ(ガラルのすがた),1,ガラルのすがた,"1,2","70,90,45,15,45,50"
403,8,1,ポケモンずかん,367,ダルマッカ,ダルマッカ,2,通常,"1,2","70,90,45,15,45,50"
404,8,1,ポケモンずかん,368,ヒヒダルマ,ヒヒダルマ(ガラルのすがた),1,ガラルのすがた,"1,2","105,140,55,30,55,95"
405,8,1,ポケモンずかん,368,ヒヒダルマ,ヒヒダルマ(ガラルのすがた、ダルマモード),2,ガラルのすがた(ダルマモード),"1,2","105,160,55,30,55,135"
406,8,1,ポケモンずかん,368,ヒヒダルマ,ヒヒダルマ,3,通常,"1,2","105,140,55,30,55,95"
407,8,1,ポケモンずかん,368,ヒヒダルマ,ヒヒダルマ(ダルマモード),4,通常(ダルマモード),"1,2","105,30,105,140,105,55"
408,8,1,ポケモンずかん,369,イシヘンジン,イシヘンジン,1,,"1,2","100,125,135,20,20,70"
409,8,1,ポケモンずかん,370,コオリッポ,コオリッポ(アイスフェイス),1,アイスフェイス,"1,2","75,80,110,65,90,50"
410,8,1,ポケモンずかん,370,コオリッポ,コオリッポ(ナイスフェイス),2,ナイスフェイス,"1,2","75,80,70,65,50,130"
411,8,1,ポケモンずかん,371,ジュラルドン,ジュラルドン,1,,"1,2","70,95,115,120,50,85"
412,8,1,ポケモンずかん,372,ロトム,ロトム(ロトムのすがた),1,ロトムのすがた,"1,2","50,50,77,95,77,91"
413,8,1,ポケモンずかん,372,ロトム,ロトム(ヒートロトム),2,ヒートロトム,"1,2","50,65,107,105,107,86"
414,8,1,ポケモンずかん,372,ロトム,ロトム(ウォッシュロトム),3,ウォッシュロトム,"1,2","50,65,107,105,107,86"
415,8,1,ポケモンずかん,372,ロトム,ロトム(フロストロトム),4,フロストロトム,"1,2","50,65,107,105,107,86"
416,8,1,ポケモンずかん,372,ロトム,ロトム(スピンロトム),5,スピンロトム,"1,2","50,65,107,105,107,86"
417,8,1,ポケモンずかん,372,ロトム,ロトム(カットロトム),6,カットロトム,"1,2","50,65,107,105,107,86"
418,8,1,ポケモンずかん,373,メタモン,メタモン,1,,"1,2","48,48,48,48,48,48"
419,8,1,ポケモンずかん,374,パッチラゴン,パッチラゴン,1,,"1,2","90,100,90,80,70,75"
420,8,1,ポケモンずかん,375,パッチルドン,パッチルドン,1,,"1,2","90,100,90,90,80,55"
421,8,1,ポケモンずかん,376,ウオノラゴン,ウオノラゴン,1,,"1,2","90,90,100,70,80,75"
422,8,1,ポケモンずかん,377,ウオチルドン,ウオチルドン,1,,"1,2","90,90,100,80,90,55"
423,8,1,ポケモンずかん,378,ヒトカゲ,ヒトカゲ,1,,"1,2","39,52,43,60,50,65"
424,8,1,ポケモンずかん,379,リザード,リザード,1,,"1,2","58,64,58,80,,65,80"
425,8,1,ポケモンずかん,380,リザードン,リザードン,1,,"1,2","78,84,78,109,85,100"
426,8,1,ポケモンずかん,381,タイプ：ヌル,タイプ：ヌル,1,,"1,2","95,95,95,95,95,59"
427,8,1,ポケモンずかん,382,シルヴァディ,シルヴァディ,1,,"1,2","95,95,95,95,95,95"
428,8,1,ポケモンずかん,383,ヨーギラス,ヨーギラス,1,,"1,2","50,64,50,45,50,41"
429,8,1,ポケモンずかん,384,サナギラス,サナギラス,1,,"1,2","70,84,70,65,70,51"
430,8,1,ポケモンずかん,385,バンギラス,バンギラス,1,,"1,2","100,134,110,95,100,61"
431,8,1,ポケモンずかん,386,モノズ,モノズ,1,,"1,2","52,65,50,45,50,38"
432,8,1,ポケモンずかん,387,ジヘッド,ジヘッド,1,,"1,2","72,85,70,65,70,58"
433,8,1,ポケモンずかん,388,サザンドラ,サザンドラ,1,,"1,2","92,105,90,125,90,98"
434,8,1,ポケモンずかん,389,ヌメラ,ヌメラ,1,,"1,2","45,50,35,55,75,40"
435,8,1,ポケモンずかん,390,ヌメイル,ヌメイル,1,,"1,2","68,75,53,83,113,60"
436,8,1,ポケモンずかん,391,ヌメルゴン,ヌメルゴン,1,,"1,2","90,100,70,110,150,80"
437,8,1,ポケモンずかん,392,ジャラコ,ジャラコ,1,,"1,2","45,55,65,45,45,45"
438,8,1,ポケモンずかん,393,ジャランゴ,ジャランゴ,1,,"1,2","55,75,90,65,70,65"
439,8,1,ポケモンずかん,394,ジャラランガ,ジャラランガ,1,,"1,2","75,110,125,100,105,85"
440,8,1,ポケモンずかん,395,ドラメシヤ,ドラメシヤ,1,,"1,2","28,60,30,40,30,82"
441,8,1,ポケモンずかん,396,ドロンチ,ドロンチ,1,,"1,2","68,80,50,60,50,102"
442,8,1,ポケモンずかん,397,ドラパルト,ドラパルト,1,,"1,2","88,120,75,100,75,142"
443,8,1,ポケモンずかん,398,ザシアン,ザシアン(れきせんのゆうしゃ),1,れきせんのゆうしゃ,"1,2","92,130,115,80,115,138"
444,8,1,ポケモンずかん,398,ザシアン,ザシアン(けんのおう),2,けんのおう,"1,2","92,170,115,80,115,148"
445,8,1,ポケモンずかん,399,ザマゼンタ,ザマゼンタ(れきせんのゆうしゃ),1,れきせんのゆうしゃ,"1,2","92,130,115,80,115,138"
446,8,1,ポケモンずかん,399,ザマゼンタ,ザマゼンタ(たてのおう),2,たてのおう,"1,2","92,130,145,80,145,128"
447,8,1,ポケモンずかん,400,ムゲンダイナ,ムゲンダイナ,1,,"1,2","140,85,95,145,95,130"